Ti/Ca;Ni/Ca;Cu/Ca;Zn/Ca;Br/Ca;Pb/Ca;Cluster
0,000306106;0;7,67763E-06;5,48069E-05;3,01324E-09;3,45067E-06;Green
0,000218322;0;4,11691E-05;9,03427E-05;2,8415E-09;0;Green
0,000156191;0;0;9,62818E-05;2,01834E-09;0;Green
0,000102591;0;3,94727E-05;6,31279E-05;2,82306E-09;0;Green
5,86169E-05;0;4,03423E-05;6,89097E-05;2,07271E-09;0;Green
0;0;1,14367E-05;0,000113591;2,95743E-09;1,02724E-05;Green
0;0;3,41035E-05;0,000116045;4,77181E-09;1,71478E-05;Green
0,00010127;0;1,92701E-05;8,21447E-05;5,6892E-09;1,23649E-05;Green
3,23151E-05;0;2,02101E-05;0,000101676;5,03515E-09;6,18832E-06;Green
6,3938E-05;0;1,1708E-05;0,000140036;2,77864E-09;3,69157E-06;Green
0,000167147;0;9,85762E-06;0,00012944;1,95433E-09;1,9217E-06;Green
0,000104382;0;2,84046E-06;0,000143618;2,31166E-09;3,6288E-06;Green
2,50646E-05;0;4,20799E-05;0,000181768;3,44763E-09;0;Green
1,42743E-05;0;6,80173E-05;0,000118315;4,52203E-09;0;Green
0;0;8,4759E-05;5,24162E-05;3,64637E-09;0;Green
0;0;5,43905E-05;5,65107E-05;3,08236E-09;0;Green
3,28181E-06;0;6,62943E-05;4,84068E-05;3,52058E-09;0;Green
2,38357E-05;0;4,45069E-05;5,196E-05;3,6391E-09;0;Green
0;0;2,29129E-06;4,21568E-05;3,16873E-09;0;Green
0;0;1,19012E-06;2,88326E-05;4,18213E-09;0;Green
0;0;1,84686E-05;5,19698E-05;3,50659E-09;0;Green
5,00717E-05;0;1,77219E-05;3,89428E-05;3,36919E-09;0;Green
3,36549E-05;0;3,5872E-05;3,01008E-05;3,05107E-09;0;Green
0;0;1,99429E-05;2,71596E-05;3,89205E-09;0;Green
9,39094E-06;0;1,05294E-05;1,49286E-05;4,05566E-09;0;Green
0;3,46432E-06;2,74637E-05;2,45307E-06;4,31226E-09;2,46759E-06;Green
0;1,51536E-05;7,58355E-05;1,71078E-05;3,24071E-09;4,18062E-06;Green
0;0;3,27561E-05;1,06797E-05;3,97957E-09;5,03434E-06;Green
0;0;4,15568E-05;3,04887E-05;5,27007E-09;0;Green
0;0;2,99323E-05;2,89043E-05;4,35664E-09;1,99497E-06;Green
0;0;1,38405E-05;4,29269E-05;4,64035E-09;5,07905E-06;Green
0;0;4,69383E-05;4,21901E-05;6,08256E-09;2,07737E-06;Green
0;2,62188E-06;2,15581E-05;2,85255E-05;5,49843E-09;1,72001E-07;Green
0;0;1,15091E-05;2,77763E-05;6,10643E-09;2,46153E-07;Green
0;5,44257E-06;5,12382E-05;7,38902E-05;5,49781E-09;0;Green
0;1,51049E-05;3,70237E-05;6,49289E-05;4,94911E-09;0;Green
0;1,5422E-05;7,62592E-06;4,78731E-05;4,81036E-09;0;Green
7,82318E-07;4,35974E-05;3,41079E-05;1,7354E-05;5,13008E-09;0;Green
1,76397E-07;5,89711E-05;7,45391E-05;0;6,08165E-09;0;Green
1,6052E-05;2,41313E-05;5,04581E-05;2,34165E-06;6,54541E-09;8,47995E-07;Green
2,61982E-05;2,28173E-05;3,53515E-05;0;6,58065E-09;0;Green
0;2,91225E-06;3,11871E-05;1,68874E-06;8,0851E-09;2,31686E-06;Green
0;3,4003E-06;4,66273E-05;0;8,91217E-09;3,97591E-06;Green
0;0;9,12858E-06;0;8,92728E-09;1,98463E-06;Green
0;4,02743E-05;6,25913E-05;0;9,03545E-09;0;Green
7,64651E-06;6,14513E-06;3,42924E-05;0;7,0553E-09;0;Green
7,85793E-06;3,98852E-05;5,98434E-05;0;8,60738E-09;1,19853E-07;Green
3,52993E-05;2,90417E-05;9,39512E-05;6,01708E-06;8,86792E-09;0;Green
1,23188E-05;5,53843E-05;6,68739E-05;5,17752E-06;9,3246E-09;0;Green
2,42337E-05;1,15442E-06;2,17913E-05;0;9,05137E-09;2,92475E-06;Green
2,52141E-05;5,06358E-05;7,06811E-05;0;1,0092E-08;0;Green
0;1,56317E-05;6,07723E-06;0;1,16975E-08;3,75139E-06;Green
2,32357E-05;0;0;0;1,05374E-08;1,36901E-06;Green
4,27359E-06;0;0;5,3467E-06;1,19555E-08;0;Green
0;2,39219E-05;7,52091E-06;1,82741E-06;1,19099E-08;0;Green
0;0;0;0;1,08406E-08;0;Green
0;0;0;0;1,22922E-08;0;Green
0;0;0;0;1,01284E-08;0;Green
0;1,58232E-05;2,44401E-05;3,2136E-06;1,25573E-08;0;Green
0;0;1,55269E-05;2,85587E-06;1,1547E-08;0;Green
0;0;2,45988E-05;1,10881E-05;8,62683E-09;0;Green
0;7,52236E-05;0,00014092;1,67965E-05;8,05436E-09;0;Green
0;5,03486E-05;9,763E-05;0;7,50702E-09;0;Green
0;3,69916E-05;7,83833E-05;0;7,16562E-09;0;Green
0;3,16651E-05;5,90417E-05;0;7,4554E-09;0;Green
0;0;3,00606E-06;0;6,4401E-09;0;Green
0;8,99505E-06;1,09228E-05;2,06885E-06;7,34356E-09;0;Green
0;3,42544E-05;1,23611E-05;0;7,99385E-09;0;Green
0;4,70157E-06;0;0;7,33174E-09;0;Green
0;0;9,98702E-06;0;5,79991E-09;0;Green
0;6,81735E-06;8,84183E-05;0;4,22675E-09;0;Green
0;1,84145E-05;7,64767E-05;0;5,54203E-09;0;Green
0;3,42641E-05;7,73811E-05;0;4,31856E-09;0;Green
0;2,06666E-05;3,74487E-05;0;5,01588E-09;6,32965E-07;Green
0;3,15981E-05;3,07762E-05;0;4,79222E-09;2,67527E-07;Green
0;4,04339E-05;8,03401E-05;0;3,99737E-09;1,53458E-06;Green
1,49613E-06;1,00172E-05;5,91415E-05;0;3,43511E-09;0;Green
3,64319E-05;2,79448E-05;6,265E-05;0;3,48751E-09;3,47395E-06;Green
4,91387E-05;2,0236E-05;4,63056E-05;0;2,7938E-09;6,08467E-06;Green
3,46953E-05;1,53886E-07;7,25127E-05;0;2,43132E-09;2,76991E-06;Green
0;0;3,22565E-05;0;3,01572E-09;1,76604E-06;Green
0;0;5,20407E-05;2,03756E-05;3,58517E-09;0;Green
0;0;8,133E-05;1,88992E-05;1,8825E-09;8,59271E-07;Green
0;0;6,96407E-05;0;2,3975E-09;0;Green
3,32066E-05;0;6,73889E-05;0;1,32373E-09;1,7339E-06;Green
1,64242E-05;0;7,82143E-05;5,11687E-06;1,70033E-09;1,57978E-06;Green
0;0;1,36861E-05;4,72901E-05;2,20611E-09;1,44497E-06;Green
5,80199E-06;0;2,67728E-05;6,69627E-05;2,70888E-09;1,72741E-06;Green
0;0;3,16267E-05;3,11789E-05;3,19134E-09;2,30807E-06;Green
0;0;8,56701E-05;1,54478E-05;1,65972E-09;1,76675E-06;Green
0;0;6,80789E-05;1,38125E-05;3,39489E-09;5,73892E-06;Green
0;0;5,9026E-05;2,06012E-05;3,2592E-09;6,86853E-06;Green
0;0;7,29122E-05;3,30356E-05;3,13983E-09;7,06257E-06;Green
0;0;6,05329E-05;3,32498E-05;3,72588E-09;6,8678E-06;Green
0;0;3,61497E-05;2,79938E-05;3,0507E-09;6,62956E-06;Green
0;0;4,49721E-05;2,57368E-05;3,19326E-09;3,39756E-06;Green
0;0;5,824E-05;2,0696E-05;3,04192E-09;6,55476E-06;Green
2,75195E-06;0;6,40188E-05;3,86371E-05;3,58165E-09;1,9419E-06;Green
2,38397E-05;0;5,32181E-05;4,40998E-05;1,48199E-09;4,8535E-06;Green
2,14482E-05;0;3,1902E-05;4,90221E-05;2,70655E-09;7,61537E-06;Green
3,15354E-06;0;7,7128E-06;5,02359E-05;3,19077E-09;7,97836E-06;Green
0;0;2,33936E-05;5,8549E-05;3,25873E-09;1,19165E-05;Green
9,52202E-06;0;1,98385E-05;5,30994E-05;2,55506E-09;9,79337E-06;Green
2,99265E-06;0;2,10497E-05;5,65193E-05;2,50646E-09;6,57879E-06;Green
0;0;5,48471E-05;9,41035E-05;2,61483E-09;1,21897E-05;Green
2,63843E-05;0;2,25681E-05;0,000100866;2,38248E-09;1,12309E-05;Green
2,4922E-05;0;2,19853E-05;0,000102348;2,87641E-09;1,09795E-05;Green
4,8417E-05;0;2,58416E-05;0,000120725;4,29679E-09;1,13863E-05;Green
5,0581E-05;0;2,67618E-05;0,00010429;1,89465E-09;1,3076E-05;Green
6,28472E-05;0;3,04577E-05;8,31763E-05;2,67479E-09;1,15652E-05;Green
5,98652E-05;0;5,91957E-05;6,34688E-05;3,10406E-09;1,21294E-05;Green
3,4381E-05;0;4,54529E-05;6,18886E-05;2,95789E-09;1,08859E-05;Green
2,59258E-05;0;5,74542E-05;6,17872E-05;1,26635E-09;7,59015E-06;Green
2,62829E-05;0;5,26057E-05;3,80893E-05;2,17743E-09;8,19345E-06;Green
2,67196E-05;0;5,92714E-05;2,31799E-05;1,94904E-09;1,13524E-05;Green
0;0;3,52352E-05;2,99042E-05;1,60689E-09;8,86345E-06;Green
2,02599E-05;0;5,17941E-05;2,56447E-05;1,49795E-09;6,66816E-06;Green
0;0;3,05587E-05;3,71098E-05;1,83968E-09;1,15153E-05;Green
0;0;1,5011E-05;3,90067E-05;2,51568E-09;1,51103E-05;Green
2,52823E-05;0;3,31539E-05;4,40081E-05;1,77274E-09;1,40556E-05;Green
3,90131E-05;0;4,32828E-05;4,59921E-05;2,31357E-09;1,43524E-05;Green
2,82081E-05;0;3,68549E-05;5,41837E-05;2,08731E-09;9,66283E-06;Green
5,2606E-05;0;2,38947E-05;3,72866E-05;2,1062E-09;9,12297E-06;Green
3,35376E-05;0;1,70678E-05;4,50149E-05;1,90637E-09;1,28427E-05;Green
3,94625E-05;0;3,5942E-05;4,73709E-05;2,23282E-09;1,52412E-05;Green
0;0;2,22206E-05;4,69806E-05;3,09422E-09;1,47814E-05;Green
3,19846E-05;0;1,67254E-05;4,67162E-05;2,0287E-09;1,14198E-05;Green
0,000111271;0;2,14074E-05;5,66279E-05;1,6697E-09;1,20553E-05;Green
0,0001336;0;2,73216E-05;6,61464E-05;2,69045E-09;1,09802E-05;Green
4,08111E-05;0;3,54449E-05;0,000100231;2,70367E-09;1,04919E-05;Green
5,4036E-05;0;2,2078E-05;0,000103906;3,97527E-09;9,50608E-06;Green
4,90478E-05;0;3,34173E-05;8,49001E-05;3,25757E-09;8,96325E-06;Green
5,32726E-05;0;1,41207E-05;6,27686E-05;2,58892E-09;7,29178E-06;Green
4,6166E-05;0;4,51999E-05;6,74722E-05;2,37719E-09;9,14834E-06;Green
0,000144773;0;8,94452E-05;3,18427E-05;1,24625E-09;3,58105E-06;Green
0,000210181;0;6,96809E-05;3,29791E-05;1,39713E-09;2,86228E-06;Green
0,000130523;0;4,57373E-05;4,13161E-05;2,63396E-09;3,48665E-06;Green
6,81614E-05;0;3,3348E-05;5,38403E-05;2,31861E-09;0;Green
7,04948E-05;0;3,47436E-05;2,74226E-05;1,59765E-09;0;Green
1,80333E-05;0;5,64987E-05;2,19368E-05;1,90022E-09;0;Green
0,00011277;0;6,45965E-05;1,11233E-05;1,44049E-09;1,34184E-06;Green
0,000175962;0;9,75501E-05;0;1,50823E-09;0;Green
4,12515E-05;0;0,000124471;5,93457E-06;1,31173E-09;7,84723E-07;Green
2,22631E-05;0;0,000122485;1,15579E-05;1,54437E-09;1,65905E-06;Green
7,59102E-05;0;9,23779E-05;1,64303E-05;2,76969E-09;1,24725E-06;Green
3,81779E-05;0;7,26622E-05;2,28427E-05;1,58892E-09;3,28153E-07;Green
4,80261E-05;0;5,69994E-05;1,81237E-05;1,42003E-09;8,34052E-07;Green
7,08701E-05;0;8,00406E-05;1,98423E-05;4,23423E-10;1,91438E-06;Green
5,99722E-05;0;7,23295E-05;2,00059E-05;8,79832E-10;2,40292E-06;Green
0,000104059;1,48098E-06;6,50858E-05;3,00089E-05;2,26198E-09;2,19763E-06;Green
8,59037E-05;0;7,09869E-05;2,37399E-05;2,75557E-09;0;Green
0,00011492;0;6,54561E-05;2,22919E-05;2,57115E-09;0;Green
0,000121787;0;5,69431E-05;5,75669E-05;1,95964E-09;3,69455E-06;Green
0,000114494;0;2,61552E-05;7,4945E-05;2,92003E-09;5,03018E-06;Green
8,18216E-05;0;3,27339E-05;7,50665E-05;3,23095E-09;5,89752E-06;Green
3,14412E-05;0;5,91618E-05;5,20454E-05;1,20997E-09;5,26032E-06;Green
2,30568E-06;0;4,91737E-05;4,38284E-05;1,33702E-09;2,90943E-06;Green
2,87106E-06;0;4,59042E-05;5,62566E-05;2,61263E-09;1,33711E-06;Green
2,4434E-06;0;9,20488E-05;5,12966E-05;2,95498E-09;6,34963E-07;Green
3,66864E-05;1,00292E-05;8,16008E-05;4,78077E-05;2,31626E-09;0;Green
9,33306E-05;1,85636E-06;6,21126E-05;4,95304E-05;2,39597E-09;0;Green
0,00012404;0;6,48952E-05;3,46259E-05;2,57748E-09;0;Green
5,78539E-05;0;8,0364E-05;2,55455E-05;1,12402E-09;3,16398E-07;Green
7,40279E-05;0;0,000103117;2,14292E-05;1,10746E-09;0;Green
8,16831E-05;0;7,58168E-05;2,17203E-05;1,74688E-09;0;Green
0;0;4,37307E-05;4,52136E-05;3,0239E-09;0;Green
0;3,25603E-05;4,09943E-05;4,02148E-05;2,28832E-09;0;Green
0,00011672;2,89629E-06;2,02984E-05;0;4,06592E-10;2,70811E-06;Green
0,000221652;3,59462E-06;4,67042E-05;1,53663E-05;1,21662E-09;1,64962E-06;Green
0,000190997;0;8,21721E-05;2,09991E-05;1,34747E-09;8,5633E-08;Green
4,12096E-05;2,02052E-05;0,000132484;0;9,53997E-10;2,25055E-07;Green
6,18892E-05;2,37709E-06;4,57092E-05;0;1,19779E-09;0;Green
8,31924E-05;0;0;0;3,24238E-09;2,53262E-07;Green
2,7833E-05;0;0;5,22316E-06;3,807E-09;5,92244E-08;Green
4,35411E-05;0;9,58665E-06;2,73352E-05;2,80254E-09;0;Green
0,000206322;0;1,21741E-05;3,06228E-05;3,04386E-09;0;Green
0,000219445;4,5281E-05;3,14904E-05;3,97709E-05;4,14846E-09;0;Green
7,03039E-05;0;0,000103305;3,48331E-05;4,51808E-09;0;Green
4,76457E-05;0;0,000102367;2,09535E-05;4,37151E-09;0;Green
0,000125767;2,10012E-05;8,93023E-05;1,19109E-05;3,59867E-09;3,39798E-06;Green
0,000125356;0;0,00012177;1,58651E-06;2,23314E-09;5,75269E-06;Green
0,000103159;4,00906E-06;9,34709E-05;0;1,99412E-09;3,08025E-06;Green
3,58798E-05;3,99939E-05;0,000101163;1,97834E-05;0;3,82657E-06;Green
0;2,68638E-05;9,09042E-05;4,4315E-05;9,20241E-11;8,49439E-07;Green
0;2,63906E-05;7,29934E-05;4,60528E-05;2,68827E-09;8,34987E-07;Green
0;7,64589E-05;3,91957E-05;5,21529E-06;2,77309E-09;7,33206E-07;Green
0;1,34382E-05;3,45317E-05;0;3,40601E-09;0;Green
0;0;0;0;3,61375E-09;0;Green
0;2,00144E-05;2,00684E-05;1,9971E-05;2,89814E-09;0;Green
0;0;2,14698E-05;7,76628E-06;2,36469E-09;0;Green
0;0;1,464E-05;1,48587E-05;1,72345E-09;2,77885E-07;Green
0;0;2,56338E-05;1,7827E-05;3,60782E-09;0;Green
0;0;4,862E-05;1,02997E-05;3,35312E-09;0;Green
6,32063E-05;4,82841E-05;4,31751E-05;2,00768E-05;2,74164E-09;0;Green
6,72723E-05;7,78753E-05;8,18741E-06;1,05074E-05;2,11449E-09;0;Green
3,64762E-05;0,000106422;9,01015E-06;1,09024E-05;3,09921E-09;0;Green
3,14729E-05;2,73893E-05;3,19665E-05;7,95474E-06;4,85374E-09;0;Green
1,04172E-05;2,45624E-05;5,97581E-05;1,48522E-05;3,18601E-09;0;Green
1,1936E-05;2,52968E-05;4,00989E-05;0;2,68688E-09;0;Green
5,1756E-05;2,15313E-05;7,51679E-05;0;1,91255E-09;0;Green
9,74625E-06;2,77386E-05;0,000116544;0;7,20073E-10;0;Green
1,77139E-05;3,16542E-06;9,47509E-05;0;1,25113E-09;0;Green
0;6,06984E-06;0,000114291;7,71943E-06;2,34082E-09;0;Green
9,4905E-06;9,44566E-06;0,000105146;1,81161E-05;4,77141E-09;6,77323E-07;Green
2,75891E-05;2,71241E-05;0,000110936;1,46245E-05;5,08518E-09;3,68973E-06;Green
8,54169E-06;3,31633E-05;0,000114794;2,73257E-05;4,97471E-09;0;Green
4,98771E-05;0;6,60446E-05;3,61379E-05;4,35169E-09;2,20386E-06;Green
0,000206004;0;4,92433E-05;5,13669E-05;4,42912E-09;4,35778E-06;Green
0,000221668;0;3,17041E-05;6,81763E-05;6,60581E-09;3,81742E-06;Green
0,000265472;0;5,28759E-05;4,67481E-05;8,00692E-09;5,71885E-06;Green
0,00017966;0;5,90218E-05;3,76405E-05;7,92784E-09;0;Green
0,000212664;0;0,00010669;3,91947E-05;6,58109E-09;1,91148E-06;Green
0,000206884;4,15636E-06;0,000143965;2,98512E-05;5,08562E-09;6,36806E-06;Green
9,50953E-05;0;0,000148308;3,85719E-05;2,32513E-09;3,31527E-06;Green
0;0;0,000148637;3,28126E-05;9,92186E-10;6,27557E-07;Green
4,82513E-05;2,77446E-05;0,000120963;0;2,33011E-09;3,92959E-07;Green
0,000209507;3,6458E-05;0,000102976;0;4,26812E-09;3,54659E-07;Green
0,000146215;0;7,77841E-05;0;3,05717E-09;0;Green
0;5,82577E-06;0,000193622;2,16474E-05;4,1326E-09;2,39528E-07;Green
0;3,03898E-06;0,000205232;6,39345E-05;7,80887E-09;8,72384E-06;Green
0;4,18655E-05;0,000170961;0,000172327;1,17967E-08;1,12881E-05;Green
0;2,49263E-05;5,62879E-05;0,000107241;9,1738E-09;8,72946E-06;Green
0;2,49055E-05;4,99598E-05;1,18823E-05;7,90119E-09;3,21455E-07;Green
2,007E-05;7,57632E-05;0,000112886;0;5,73095E-09;2,55803E-06;Green
0;3,15112E-05;9,68428E-05;7,46895E-06;6,09864E-09;1,62455E-06;Green
1,51258E-05;0;6,46489E-05;1,13708E-06;5,88797E-09;2,75519E-06;Green
5,33559E-05;6,51258E-05;5,79891E-06;9,77241E-06;4,56955E-09;4,19848E-06;Green
6,25295E-05;3,06404E-06;1,63783E-05;6,19472E-06;3,46978E-09;1,90749E-06;Green
1,29903E-05;0;0,000163462;2,22283E-05;6,42735E-09;1,80669E-06;Green
1,42433E-05;0;0,000218236;2,37195E-05;1,26999E-08;0;Green
4,58333E-05;0;0,000202045;2,92035E-05;2,05574E-08;1,99832E-06;Green
0,00028398;0;0;0;2,20314E-08;8,51352E-06;Green
0,000450568;8,09346E-07;0;1,7721E-05;0,000110556;0;Black
0,000710904;9,70967E-05;1,56985E-05;2,57139E-05;9,6588E-05;0;Black
0,000605829;0,000152448;5,90712E-05;8,11186E-05;8,07444E-05;0;Black
0,000377292;0,00025271;0,000105371;0,000110365;7,14494E-05;1,99557E-07;Black
0,00012392;0,000327355;0,000202278;6,15569E-05;9,78598E-05;7,68835E-06;Black
0;0,000263067;0,000352864;5,53303E-06;0,000137826;5,63009E-06;Black
0;0,000156204;0,000304404;2,48338E-06;0,000109819;4,91048E-06;Black
0;0,000106562;0,000143123;2,09393E-06;0,000109364;4,7602E-06;Black
0;2,91243E-05;6,04301E-05;1,42962E-06;0,000140971;8,3811E-06;Black
0;7,23349E-05;0,000128173;3,84545E-05;0,000104647;5,32632E-06;Black
0;5,74708E-05;0,000122505;4,7477E-05;7,13567E-05;3,04288E-06;Black
0;0,000143324;0;1,64749E-05;4,60788E-05;0;Black
0;0,000299006;0;0;2,6613E-05;0;Black
8,32343E-07;0,000207324;0;4,57664E-06;0;0;Black
0;5,73181E-05;3,41644E-06;3,50383E-05;0;3,25661E-06;Black
0;3,95742E-05;0;5,29666E-05;0;9,65912E-07;Black
0;8,8492E-05;0;3,46562E-05;0;1,28972E-06;Black
0;0,000137882;1,9494E-05;3,23561E-05;1,96255E-05;0;Black
0;0,000196607;6,61707E-05;2,49866E-05;4,62653E-05;0;Black
0;0,000141933;0,000122651;2,88871E-05;3,47042E-06;0;Black
0;0,000139148;0,000180084;2,43765E-05;0;2,60628E-06;Black
0;0,000110114;0,000214338;1,65818E-05;0;5,13017E-06;Black
0;7,65692E-05;0,000153521;5,01328E-06;0;7,60874E-06;Black
0;0,000127896;0,000178197;8,62461E-06;0;1,32719E-05;Black
0;3,07087E-05;7,04804E-05;1,47536E-05;8,8774E-07;1,73522E-05;Black
0;2,68774E-05;4,76974E-05;4,88788E-05;2,13956E-05;1,89034E-05;Black
0;5,17195E-05;6,17084E-06;6,27675E-05;5,80732E-05;1,56537E-05;Black
0;0,000184089;3,06792E-05;9,15861E-05;0,000107411;2,03453E-05;Black
0;0,00026098;3,49278E-06;8,01409E-05;0,000123344;1,50892E-05;Black
0;0,000292732;4,91608E-07;4,60181E-05;0,000106508;7,05977E-06;Black
0;0,000124455;1,37958E-05;0;5,80394E-05;0;Black
0;2,02638E-05;5,60654E-05;0;2,37161E-05;0;Black
1,66118E-05;2,44261E-05;6,56752E-05;0;2,58796E-05;0;Black
0;2,2385E-05;5,66769E-05;0;2,79118E-05;0;Black
0;4,53198E-05;7,90953E-05;0;3,41783E-05;0;Black
0;4,30228E-05;4,32893E-05;0;4,09639E-05;0;Black
0;4,80981E-05;4,16898E-05;0;3,60135E-05;3,05901E-07;Black
0;3,21044E-05;4,65778E-05;0;3,09566E-05;9,43502E-08;Black
0;3,24342E-05;4,49095E-05;0;4,23167E-05;0;Black
0;0;8,06841E-05;3,12207E-06;4,27475E-05;0;Black
0;0;0,000103181;2,35125E-05;2,30227E-05;0;Black
3,42649E-05;0;1,9135E-05;1,78684E-05;4,1653E-06;1,39774E-07;Black
3,95758E-05;0,000113081;1,02456E-05;3,15101E-05;3,33937E-06;5,97553E-06;Black
0;0,000264251;2,29886E-05;5,8232E-05;3,15575E-05;2,75962E-05;Black
0;0,000306976;1,04275E-05;7,94368E-05;7,42146E-05;4,4158E-05;Black
0;0,000264348;2,7312E-05;0,00011238;8,24617E-05;5,27105E-05;Black
0;0,00014306;1,31099E-05;0,000126407;7,70393E-05;5,37791E-05;Black
4,33058E-05;5,30837E-05;4,00533E-05;7,24809E-05;6,06463E-05;3,35694E-05;Black
6,09356E-05;8,95632E-05;4,97104E-05;3,36283E-05;3,28054E-05;1,85765E-05;Black
7,12327E-06;6,5949E-06;8,08432E-06;6,39607E-05;1,82016E-05;1,85171E-05;Black
4,76986E-06;3,02336E-05;4,06719E-05;0,000108899;3,02574E-05;1,88793E-05;Black
0,000147776;1,25964E-05;0;5,46751E-05;5,64943E-05;1,33585E-05;Black
0,000230976;1,12459E-05;3,98342E-07;3,86618E-05;5,20609E-05;6,3392E-06;Black
0,000115399;1,77811E-05;0;3,6951E-05;3,83829E-05;2,46406E-06;Black
0;0,000113365;0;0,000106132;2,17009E-05;9,44791E-06;Black
0;0,000126941;2,60047E-06;0,000192824;2,28584E-05;1,99349E-05;Black
0;6,33324E-05;1,03023E-05;0,000332292;3,80069E-05;2,28006E-05;Black
0;6,83106E-05;9,84264E-06;0,000370249;5,11243E-05;2,63777E-05;Black
0;8,09461E-05;7,38091E-06;0,000376444;3,95905E-05;2,7547E-05;Black
0;3,63049E-05;1,11854E-05;0,000327405;4,35449E-05;1,83724E-05;Black
0;4,79767E-06;2,26516E-05;0,000220437;4,61459E-05;5,02876E-06;Black
0;0;3,40144E-05;0,000154175;3,66633E-05;0;Black
0;0;3,9677E-05;0,000157606;4,14332E-05;0;Black
0;0;4,41114E-05;0,00019196;3,46535E-05;0;Black
0;0;3,90554E-05;0,000212332;1,69408E-05;0;Black
0;0;7,46335E-05;0,000211364;1,15194E-05;0;Black
0;1,92391E-05;1,6547E-05;0,000134157;2,45292E-05;7,82018E-07;Black
0;3,50807E-05;1,38002E-05;0,000115027;8,80842E-06;0;Black
0;0;5,7715E-05;0,00014266;5,72117E-06;0;Black
0;0;5,61034E-05;0,000170217;0;1,66567E-07;Black
0;4,6861E-07;2,82236E-05;0,000157218;0;1,54208E-06;Black
0;1,67445E-05;1,24453E-05;0,000195801;0;3,33801E-06;Black
0;1,31118E-05;2,38715E-05;0,000237617;0;3,54869E-06;Black
0;0;1,91411E-05;0,000273425;4,16337E-07;2,27302E-06;Black
0;4,01326E-06;2,4414E-05;0,000212569;0;7,72677E-07;Black
0;7,14118E-05;5,7309E-05;0,000157511;0;7,73858E-06;Black
0;8,8995E-05;3,11141E-05;0,000125759;9,67209E-06;3,31397E-06;Black
6,76069E-06;0,000121995;6,21655E-06;7,05686E-05;6,73521E-05;1,35957E-06;Black
0;2,14687E-05;1,81745E-05;8,28534E-05;4,60012E-05;1,58147E-05;Black
0;3,65763E-05;1,36661E-05;0,000134362;2,50039E-07;2,9054E-05;Black
0;0,000105793;7,23151E-06;0,00012841;0;2,71892E-05;Black
0;3,4684E-05;0;8,25601E-05;1,39419E-05;2,19141E-05;Black
0;0;8,40897E-06;6,08491E-05;1,29885E-05;1,19333E-05;Black
0;0;1,95043E-05;6,29237E-05;9,76378E-06;8,52175E-06;Black
0;0,00015267;0;8,3888E-06;1,85541E-05;3,97696E-06;Black
5,06083E-05;0,000298891;0;1,33457E-06;3,23718E-05;0;Black
4,70267E-05;0,000262737;6,43046E-05;4,44486E-06;2,49697E-05;0;Black
0;0,000449326;0,000164127;9,84677E-06;1,95939E-05;1,37226E-06;Black
0;0,000496337;0,000179354;3,35515E-06;1,95469E-05;2,55168E-06;Black
8,25425E-05;0,000346597;4,26043E-05;1,28838E-05;1,59795E-05;2,71742E-06;Black
0,000165899;9,55188E-05;7,18384E-06;3,19916E-05;1,54928E-05;3,92679E-06;Black
3,47313E-05;3,61511E-06;3,05548E-05;0,000105363;3,02201E-05;9,31018E-06;Black
0;6,78218E-06;6,99839E-05;0,000151037;5,80841E-05;2,16276E-05;Black
0;1,75464E-05;4,50538E-05;0,000124753;5,97762E-05;3,02678E-05;Black
0;2,44107E-05;8,25583E-05;5,20478E-05;7,05852E-05;1,62129E-05;Black
0;5,50699E-05;0,000230752;3,76713E-05;6,22506E-05;1,63587E-05;Black
0;1,28617E-05;0,000105106;4,25282E-05;6,05272E-05;2,24997E-05;Black
0;5,52567E-06;1,59426E-05;4,60519E-05;7,66521E-05;2,47374E-05;Black
0;0;0;4,9681E-05;9,27085E-05;1,8515E-05;Black
0;0;0;1,73679E-05;8,18543E-05;9,89165E-06;Black
0;5,71978E-06;0;1,7695E-06;5,04933E-05;1,43964E-06;Black
0;4,07979E-05;2,50951E-05;1,34312E-06;4,55392E-05;0;Black
0;6,62931E-05;0,000119314;1,62201E-06;1,17097E-05;0;Black
0;8,4286E-05;8,95958E-05;0;7,94649E-06;1,04051E-06;Black
0;0,00013127;2,78061E-05;6,74491E-06;1,17075E-06;5,76411E-07;Black
0;0,000220855;1,36484E-05;2,16222E-05;0;6,5684E-06;Black
0;0,000182713;9,49734E-05;1,73357E-05;0;3,20885E-06;Black
0;7,92078E-05;0,000160778;1,31343E-06;5,05406E-05;0;Black
8,34178E-06;5,51393E-05;0,000257788;0;9,18183E-05;0;Black
7,87706E-05;0;7,31108E-05;1,64689E-06;5,78223E-05;0;Black
0;0;0;2,0897E-05;5,90284E-05;4,03053E-06;Black
0;2,60456E-05;1,11978E-05;3,82042E-05;6,70714E-05;1,50272E-06;Black
0;6,49214E-05;4,2559E-06;9,74067E-05;3,54684E-05;0;Black
0;8,58854E-05;1,63849E-05;0,000137864;1,54273E-05;0;Black
2,11041E-06;5,78666E-05;2,08674E-05;6,91227E-05;5,81351E-05;0;Black
0;2,23949E-05;3,36477E-05;4,37509E-05;5,28336E-05;1,09728E-05;Black
9,61035E-05;0;8,36993E-06;2,83183E-05;3,09889E-05;2,0577E-05;Black
0,000237488;0;3,915E-05;4,30917E-06;3,72357E-05;5,80453E-06;Black
0,000102326;0;5,1867E-05;0;3,67428E-05;0;Black
0;0;4,36392E-05;0;5,04098E-05;0;Black
0;1,94408E-06;6,24326E-05;0;5,58876E-05;0;Black
0;0;4,05392E-05;0;4,23034E-05;1,03886E-06;Black
0;0;3,74696E-05;4,60277E-05;1,31185E-07;2,46805E-06;Black
0;0;3,85008E-06;8,24819E-05;0;4,37805E-06;Black
0;2,33194E-06;0;6,32908E-05;1,30735E-06;0;Black
0,000172472;3,33558E-05;0;1,8296E-05;9,9981E-06;0;Black
0,000101442;0,000118834;1,8596E-05;6,97524E-06;1,11736E-05;0;Black
6,49149E-06;0,00016787;2,95403E-05;1,40239E-05;2,12368E-05;0;Black
0;0,000140157;0;2,49E-05;0;0;Black
0;0,000104527;0;1,76108E-05;0;3,26388E-06;Black
0;0,000197788;0;3,06592E-05;1,41822E-05;9,26006E-07;Black
0;0,000334756;0;3,89772E-05;0;2,99051E-06;Black
0;0,000249941;6,70155E-06;3,24471E-05;2,25656E-05;2,04819E-06;Black
3,85802E-06;0,000126416;0;0;6,17452E-05;2,96348E-07;Black
0,000201553;0,000246481;0,000276618;3,31798E-05;9,82448E-05;1,63666E-06;Black
0,000365383;0,000244036;0,000437987;1,79111E-05;9,63782E-05;0;Black
0,000324344;0,000215187;0,000201328;0;9,04632E-05;1,17309E-07;Black
0,000318545;0,000146615;7,4124E-05;0;7,12544E-05;3,33718E-06;Black
0,000247793;0,00018293;0,000157302;6,58602E-06;8,66089E-05;2,22958E-06;Black
4,94106E-05;0,000163538;0,000308696;4,6315E-05;8,77092E-05;2,41321E-06;Black
1,91441E-05;0,000178606;0,000441687;3,28802E-05;6,92462E-05;4,61311E-06;Black
3,72332E-05;0,000136382;0,000302722;1,64332E-05;5,33806E-05;1,08692E-06;Black
6,45728E-05;6,05528E-05;0,000276759;8,24919E-06;4,38778E-05;3,1594E-08;Black
6,28731E-05;3,64328E-05;0,000273388;8,26978E-06;4,67664E-05;3,30079E-06;Black
0;2,29695E-05;0,000328245;1,34334E-05;8,08746E-05;2,56931E-06;Black
0;2,39615E-05;0,000391114;1,36637E-05;0,000131423;3,24384E-06;Black
1,15367E-05;3,34067E-05;0,000354661;1,86849E-05;0,000134349;8,71167E-06;Black
2,59216E-06;1,79554E-05;0,000256269;4,87262E-05;0,000113299;7,69558E-06;Black
0;2,82455E-05;0,000274237;3,18098E-05;0,000115398;3,71208E-06;Black
0;5,30126E-05;0,000107896;0;6,33469E-05;0;Black
0;0,000120029;1,94067E-05;0;1,88386E-06;0;Black
0;0,000100454;4,80426E-05;0;3,34762E-05;0;Black
0;7,93488E-05;3,95736E-05;0;6,89539E-05;2,61936E-07;Black
0;0,000132186;6,74554E-05;0;8,04148E-05;1,94355E-06;Black
3,30524E-05;8,131E-05;8,58778E-06;8,09203E-06;8,13228E-05;0;Black
0,000113924;0;2,93548E-05;2,86594E-05;5,06395E-05;0;Black
0,0001885;0;5,94039E-06;4,12863E-05;2,14377E-05;0;Black
0,000286092;0;4,36173E-06;3,41781E-05;9,81357E-06;0;Black
0,000175858;0;6,18705E-05;4,94131E-06;1,20942E-05;0;Black
9,8904E-05;0;8,37544E-05;0;3,22178E-05;0;Black
0,00021203;2,88044E-05;4,05472E-05;0;6,01646E-05;0;Black
0,000295221;2,31001E-05;4,23603E-05;0;6,16822E-05;0;Black
0,000242388;0;4,28479E-05;0;5,79975E-05;4,76685E-08;Black
7,21946E-05;1,54861E-05;5,27801E-05;0;6,90027E-05;5,99127E-06;Black
0,00011207;0;4,49687E-05;0;7,79962E-05;6,86686E-06;Black
0,000198972;2,8195E-05;8,23113E-05;0;7,6211E-05;0;Black
0,000197033;7,7095E-05;0,000140912;0;5,10743E-05;0;Black
0,000329956;8,11765E-05;0,0001556;0;2,87185E-05;0;Black
0,000304273;3,15253E-05;0,000161614;1,20659E-05;1,78684E-05;0;Black
0,000195297;5,78218E-05;0,000107039;1,04988E-05;3,20209E-05;0;Black
0,000128417;4,69295E-05;8,29018E-05;4,25682E-05;5,2542E-05;0;Black
0;6,77686E-06;4,37896E-05;0,000132287;4,6157E-05;0;Black
0;0;3,76885E-05;0,000177204;3,57948E-05;3,64097E-06;Black
0;0;2,59531E-05;0,000194985;2,39199E-05;2,97843E-06;Black
0;0;2,84559E-05;0,000159152;1,96262E-05;0;Black
0;1,10893E-05;6,18619E-05;0,000132641;3,05171E-05;2,16372E-06;Black
0;1,22117E-05;5,22379E-05;8,42654E-05;4,03581E-05;4,00234E-06;Black
0;3,43858E-05;1,68241E-05;6,02329E-05;3,38854E-05;1,59268E-06;Black
0,000342218;0,000182284;2,69615E-05;2,64071E-05;4,45978E-05;3,01009E-06;Black
0,000493169;0,000233311;3,155E-05;4,8094E-06;6,53738E-05;1,05475E-05;Black
0,00040669;0,000128808;5,0062E-05;5,00057E-06;8,90682E-05;1,04658E-05;Black
0,000313275;3,38479E-05;1,94383E-05;2,29954E-06;9,50034E-05;4,0555E-06;Black
0,000156312;1,06155E-05;3,05063E-05;6,51821E-06;8,75461E-05;3,20489E-06;Black
0,000161301;6,14568E-05;3,73673E-05;3,45551E-06;8,61026E-05;5,37992E-06;Black
0,000160872;9,63588E-05;2,01404E-05;6,10263E-06;7,40084E-05;5,62338E-06;Black
0,000203572;0,000106217;2,27338E-05;6,82817E-06;7,56528E-05;8,2041E-06;Black
0,000279676;5,43601E-05;3,57561E-05;6,49778E-06;7,25575E-05;3,16697E-06;Black
3,11904E-05;0;4,01397E-05;5,07919E-05;3,94326E-05;0;Black
0;0;0;0,000100223;2,52055E-05;0;Black
1,05636E-05;0;1,52037E-05;3,87941E-05;2,65421E-05;0;Black
6,92325E-06;0;0,000141217;1,17814E-05;2,99529E-05;0;Black
0;5,19412E-05;7,55456E-05;2,89368E-05;6,17987E-05;1,26093E-06;Black
0;0,000206364;3,86023E-05;6,99691E-05;6,65318E-05;0;Black
0;0,000213085;3,12001E-05;8,67156E-05;7,54015E-05;0;Black
6,01834E-05;0,000128973;2,99005E-05;0,000106578;5,11637E-05;0;Black
0,000118116;7,4281E-05;2,72468E-05;0,000106093;3,3821E-05;7,8145E-07;Black
8,67172E-05;6,35534E-05;3,26522E-05;5,55631E-05;4,95491E-05;4,91E-06;Black
2,68495E-05;2,7035E-05;3,82967E-05;1,47981E-05;7,41529E-05;7,76179E-06;Black
0;2,8661E-05;3,24107E-05;1,45352E-05;9,11247E-05;8,19554E-06;Black
0;0;2,75194E-05;2,31607E-05;0,000102008;6,03999E-06;Black
2,21996E-05;0;4,89168E-05;2,08618E-05;9,57419E-05;4,16239E-06;Black
8,53096E-05;3,80874E-06;7,67922E-05;1,64656E-05;6,41753E-05;7,96831E-07;Black
0,000171366;0;5,3683E-05;3,24851E-05;1,69115E-05;2,99946E-06;Black
0,000523934;0;4,61922E-05;3,40933E-05;1,1487E-05;8,47138E-06;Black
0,00068701;0;2,68626E-05;3,06711E-05;3,41469E-05;2,6984E-06;Black
0,00051891;0;3,79977E-05;1,9115E-05;2,8864E-05;0;Black
0,000152168;3,96141E-06;1,06887E-05;1,33033E-05;1,66795E-05;0;Black
0,000103802;0,000120679;0;4,62717E-05;1,78971E-05;0;Black
7,01473E-05;0,000197254;0;0,000115949;2,80399E-05;6,53365E-06;Black
0,000134542;0,000154525;0;0,000139471;3,41848E-05;1,13578E-05;Black
6,23158E-05;0,000147237;5,16798E-06;0,000124118;3,1437E-05;1,60698E-05;Black
0;0,00010615;1,80629E-05;8,08016E-05;2,17654E-05;1,15514E-05;Black
0;6,83654E-05;5,67472E-05;2,64926E-05;2,9277E-05;1,03217E-05;Black
0;6,82217E-05;4,92897E-05;2,16612E-05;4,25575E-05;8,13853E-06;Black
0;0,000111121;5,93707E-05;3,49329E-05;3,28219E-05;5,04157E-06;Black
0;7,54246E-05;4,02858E-05;5,82179E-06;2,60536E-05;0;Black
1,14978E-05;6,15972E-05;2,28635E-05;7,62581E-06;1,80027E-05;4,5075E-06;Black
0;0,000207526;1,70124E-05;3,70097E-05;3,43145E-05;1,09612E-06;Black
0;0,000223609;4,12175E-05;7,59505E-05;3,90611E-05;0;Black
0;0,000147962;7,8776E-06;6,29887E-05;4,4102E-05;0;Black
0;0,000171949;0,000112408;2,95098E-05;5,10347E-05;0;Black
1,92519E-05;6,30902E-05;0,000130528;4,00749E-05;4,88849E-05;0;Black
2,76201E-05;1,06568E-05;9,30306E-05;8,61425E-05;2,7235E-05;0;Black
4,81144E-06;0;7,66777E-05;9,20969E-05;3,50828E-06;4,70959E-06;Black
0;0;9,63901E-05;9,34488E-05;1,71459E-05;1,09567E-05;Black
1,62321E-05;1,12102E-05;0,000151797;0,000115345;5,6402E-05;1,3138E-05;Black
0,000270336;0;0,000121578;0,000150516;6,38092E-05;5,51971E-06;Black
0,000322602;0;0,000139299;0,000106128;2,79011E-05;8,18949E-06;Black
0,000199244;0;0,000122136;6,37445E-05;2,10677E-05;2,71073E-06;Black
0,000159507;8,74518E-06;9,31791E-05;2,17442E-05;1,71542E-05;0;Black
0,000177887;3,52485E-06;7,20754E-05;1,89635E-05;2,29926E-05;0;Black
0,000123939;0;4,51092E-05;1,23678E-05;3,14794E-06;0;Black
5,03481E-05;1,10548E-05;4,43883E-05;4,32711E-05;9,98201E-06;0;Black
4,03072E-05;0;2,3658E-05;4,60687E-05;2,40339E-05;1,39804E-06;Black
4,20949E-05;0;3,48614E-05;2,24912E-05;9,29554E-06;6,38862E-07;Black
0,000161424;7,43968E-05;6,58616E-05;5,7656E-06;1,66659E-05;1,14682E-05;Black
5,97392E-05;0,000185522;6,13408E-05;4,25694E-05;2,26191E-05;2,14361E-05;Black
0;0,000104291;3,47845E-05;9,26935E-05;4,28957E-05;2,5593E-05;Black
0;0;1,79149E-05;9,57613E-05;5,31302E-05;2,50002E-05;Black
0;0;2,07974E-05;6,11468E-05;5,17614E-05;1,05688E-05;Black
0;0;2,08234E-05;2,78579E-05;4,5234E-05;3,12197E-06;Black
0;0;3,52253E-06;1,37414E-05;4,54416E-05;3,43398E-06;Black
0;0;1,38169E-05;2,21059E-05;5,9823E-05;2,50553E-06;Black
0;0;0;2,55378E-05;7,94916E-05;5,56967E-06;Black
0;4,65205E-06;1,37748E-05;1,21919E-05;8,11294E-05;7,47465E-06;Black
0;2,88299E-05;7,07103E-05;0;9,7276E-05;7,9982E-06;Black
1,66356E-05;2,6628E-05;0,00012186;0;0,000120843;9,78392E-06;Black
6,14445E-05;0;6,89317E-05;1,89676E-05;9,5712E-05;1,21232E-05;Black
0,000101989;1,49999E-05;5,67899E-05;4,57552E-05;5,88808E-05;1,17445E-05;Black
0,000225162;0;1,12795E-05;2,12783E-05;7,08912E-05;1,00721E-05;Black
0,000428126;0;5,69871E-05;0;5,80954E-05;1,3724E-05;Black
0,000283855;4,41638E-05;7,6037E-05;0;5,33348E-05;1,31319E-05;Black
0,000186889;0,000115606;0,000129897;0;6,12856E-05;9,25752E-06;Black
0,000215179;7,05069E-05;0,000119375;0;9,51155E-05;1,03716E-05;Black
0,000415196;0,000101867;0,000179034;0;0,000156097;1,99871E-06;Black
0,000424936;0,000178991;0,000404974;0;0,000201386;0;Black
0,000160313;0,000185933;0,000575096;0;0,00016088;1,08311E-05;Black
3,47969E-05;0,000146409;0,00038604;2,70009E-05;0,000110358;2,01699E-05;Black
3,10537E-05;9,12655E-05;0,000233004;4,76218E-05;7,32918E-05;1,66668E-05;Black
3,80321E-05;2,56924E-05;8,56217E-05;7,97559E-05;5,46293E-05;1,60257E-05;Black
0,000136674;0;3,78469E-05;0,000110444;4,12193E-05;1,21632E-05;Black
0,000351225;0;2,10794E-05;0,000230177;3,2676E-05;1,92924E-05;Black
0,000252995;1,2515E-05;2,18751E-05;0,000325299;3,20638E-05;1,63418E-05;Black
0;6,50734E-05;3,20181E-05;0,000325071;3,83872E-05;1,7818E-05;Black
0;0,000100508;8,21985E-05;0,000118774;3,71369E-05;2,0614E-05;Black
0;4,97719E-05;3,23385E-05;4,81355E-05;2,14766E-06;2,51382E-05;Black
0;3,35186E-05;2,49522E-05;4,32895E-05;0;2,70091E-05;Black
0;0;8,84342E-06;7,43668E-05;0;2,23473E-05;Black
0;0;2,94626E-05;0,000161312;1,56594E-05;1,30763E-05;Black
0,000156814;0;8,31179E-05;0,00017479;5,66099E-06;8,18506E-06;Black
0,000328481;0;8,24208E-05;0,000181118;2,10189E-06;1,089E-05;Black
0,00015848;6,73963E-06;5,93423E-05;0,000308231;1,02139E-05;2,12298E-05;Black
0;2,27731E-05;2,58689E-05;0,000490933;1,74695E-05;2,78005E-05;Black
0;1,80568E-05;2,37111E-05;0,000549402;2,04608E-05;2,94031E-05;Black
1,31843E-06;9,52195E-06;2,59553E-05;0,000436136;1,13649E-05;2,4058E-05;Black
0;1,93416E-05;3,29933E-05;0,000332656;1,27757E-05;2,08047E-05;Black
0;0;4,26677E-05;0,000196695;1,50994E-05;1,07166E-05;Black
0;0;3,12625E-05;0,000153649;2,11259E-06;8,25841E-06;Black
0;0,000104019;5,23749E-05;0,000131855;0;6,25928E-06;Black
0;0,000209843;2,69442E-05;8,35576E-05;0;4,4603E-06;Black
0;0,000189756;1,19663E-05;7,3334E-05;0;5,18243E-06;Black
0;0,000253703;0;5,79176E-05;0;6,75036E-06;Black
0;0,000198479;0;5,21576E-05;2,52532E-06;3,54884E-06;Black
0;2,638E-05;0;3,87893E-05;6,1839E-06;6,74103E-06;Black
0;0;0;5,59566E-05;8,64107E-06;9,07211E-06;Black
0;0;8,40685E-08;4,27741E-05;2,84505E-05;1,48619E-05;Black
0;0;0;3,6845E-05;4,69178E-05;2,01548E-05;Black
0;0;2,96661E-05;3,41739E-05;5,31906E-05;1,96981E-05;Black
0;0;4,06291E-05;3,60932E-05;2,60357E-05;2,33459E-05;Black
0;0;2,61104E-05;3,24905E-05;6,74993E-07;2,49025E-05;Black
0;4,25595E-06;7,57125E-06;6,03773E-05;8,70796E-06;2,31002E-05;Black
0;0,000161475;1,52842E-05;0,000100221;1,38985E-05;2,15231E-05;Black
0;0,000176029;2,89268E-06;7,16877E-05;2,38607E-05;5,77678E-06;Black
0;0,000173107;1,05128E-05;4,91343E-05;6,1218E-05;1,23041E-06;Black
0;0,000103742;6,70802E-05;6,92433E-05;8,45186E-05;0;Black
0;3,01241E-05;0,000122332;8,50858E-05;0,000104868;0;Black
0;0;0,000175372;9,00608E-05;0,00010686;6,08815E-08;Black
0;6,60513E-07;0,000203616;6,25327E-05;0,000107439;1,84157E-06;Black
0;2,0506E-05;0,000198738;4,84276E-05;0,000113108;3,34807E-06;Black
0;3,07319E-05;0,000200926;3,87435E-05;0,000110699;3,55723E-06;Black
0;4,90483E-05;0,000205255;6,19441E-06;0,000112172;0;Black
0;0,000221494;9,62867E-05;0;9,96573E-05;0;Black
0;0,000275903;9,41197E-05;0;8,77714E-05;0;Black
0;0,000193588;0,00021948;0;9,15744E-05;0;Black
0;0,000268922;0,000221373;0;9,43734E-05;8,59293E-07;Black
0;0,000508699;0,000136604;1,38716E-06;9,52794E-05;3,81053E-08;Black
0;0,000661322;6,02475E-05;1,73812E-06;8,2331E-05;1,14936E-06;Black
0;0,00062954;0;2,7787E-06;4,91324E-05;2,63792E-06;Black
0;0,000421164;0;1,38263E-05;2,36533E-05;4,10017E-06;Black
0;0,000161851;1,41778E-05;1,70708E-05;1,9437E-05;3,52167E-06;Black
0;5,76429E-05;2,21707E-05;6,0191E-06;3,53135E-05;4,27492E-06;Black
0;4,75621E-05;1,4535E-07;0;2,67235E-05;7,7928E-06;Black
0;4,01266E-05;0;3,00742E-05;0;8,48174E-06;Black
0;0,000241083;0,000186596;5,88489E-05;4,17506E-05;1,91231E-06;Black
0;0,000137211;0,00010193;0,00010158;5,372E-06;9,07228E-06;Black
0;2,9976E-05;1,7144E-05;0,000148549;0;1,51968E-05;Black
0;3,84647E-06;1,84093E-05;0,000161511;0;1,90798E-05;Black
5,52788E-06;0;1,80566E-05;0,000174365;1,09051E-06;2,37856E-05;Black
0;0;3,69415E-05;0,000159844;1,80822E-06;2,88117E-05;Black
0;2,40849E-05;4,97159E-05;0,000153899;3,49837E-06;3,19958E-05;Black
0;3,19131E-05;1,45013E-05;0,000170778;3,90663E-06;3,25634E-05;Black
0;3,77085E-05;1,85473E-06;0,000171108;2,2417E-05;2,9253E-05;Black
0;7,00539E-05;6,94342E-07;0,000182848;2,76611E-05;2,90128E-05;Black
0;9,72514E-05;1,25111E-06;0,000169228;1,45887E-05;2,34344E-05;Black
0;0,000247718;0;0,000156997;1,22032E-05;2,11417E-05;Black
0;0,000160564;2,56512E-05;0,000104594;1,34208E-06;1,32294E-05;Black
0;0,000155555;0;6,79271E-05;0;1,21992E-05;Black
0;0,000387;0;3,33333E-05;1,05837E-05;1,33165E-05;Black
0;0,000398232;0;4,93984E-05;7,51708E-06;1,39172E-05;Black
0;0,000310141;3,29581E-06;4,96582E-05;1,99937E-05;1,38473E-05;Black
0;0,000154796;0;4,24311E-05;3,9815E-05;2,3039E-05;Black
0;9,42602E-05;7,95746E-07;4,21685E-05;5,50113E-05;2,65347E-05;Black
0;0,00015848;0;1,58181E-05;6,55592E-05;2,46745E-05;Black
0;0,000229707;6,53288E-06;5,00879E-06;5,55861E-05;2,7511E-05;Black
2,08229E-05;0,000341685;2,84177E-05;2,54047E-05;4,99539E-05;2,70061E-05;Black
6,8857E-06;0,000225007;7,10585E-06;9,79644E-05;4,48338E-05;2,31245E-05;Black
5,91458E-05;1,97374E-05;2,00685E-06;0,000164699;2,07171E-05;1,1171E-05;Black
7,81037E-05;0;5,87281E-06;0,000175029;1,31683E-05;3,98928E-06;Black
7,97842E-05;2,67224E-06;5,79966E-05;0,000127783;2,82123E-06;9,83187E-06;Black
5,61791E-05;0;2,96904E-05;0,000109111;0;1,19825E-05;Black
0;0;2,05395E-05;0,000120539;2,56008E-06;1,156E-05;Black
0;0;2,59136E-05;0,000101282;2,74207E-06;1,42483E-05;Black
0;0;1,93883E-05;6,47352E-05;0;8,99381E-06;Black
0;2,1967E-05;2,36624E-05;5,51554E-05;0;9,47741E-06;Black
0;1,45365E-05;4,91529E-05;4,80971E-05;0;8,53589E-06;Black
2,02089E-06;2,33294E-06;2,3343E-05;3,74573E-05;4,61967E-06;8,96075E-06;Black
6,99666E-07;2,94087E-05;6,76477E-05;6,35368E-05;2,44555E-06;1,36524E-05;Black
1,6026E-06;0,000103374;4,97893E-05;8,20503E-05;1,59097E-05;1,65116E-05;Black
2,85052E-06;0,000233907;9,46637E-05;9,55825E-05;2,42091E-05;1,71792E-05;Black
3,96319E-05;0,000364246;0,000135947;7,11148E-05;5,36639E-05;1,46465E-05;Black
7,29168E-05;0,000499332;0,000149952;4,90889E-05;9,81308E-05;1,60305E-05;Black
5,40691E-05;0,000421507;0,000199755;3,9038E-05;0,000132193;1,80436E-05;Black
4,32876E-06;0,000363033;0,000199912;4,09759E-05;0,000157352;1,40739E-05;Black
0;0,000230964;0,000236596;5,50587E-05;0,000111134;1,09752E-05;Black
0;0,000171433;0,00018861;3,33787E-05;0,000119761;6,30214E-06;Black
0;0,000118182;0,000260933;3,79422E-05;8,31881E-05;1,84571E-06;Black
7,64195E-06;0,00018567;0,000342932;8,71227E-05;6,68878E-05;1,75506E-06;Black
0,000183577;0,000104372;0,000325816;9,65211E-05;5,52372E-05;7,34918E-06;Black
0,000310111;9,47147E-05;0,000240061;8,38604E-05;4,91243E-05;1,14069E-05;Black
0,000104932;2,41631E-05;0,000166137;0,000115822;2,85262E-05;1,95639E-05;Black
0;5,04093E-05;0,000159489;0,000146185;4,1168E-05;2,59172E-05;Black
0;6,33832E-05;0,000159784;0,00011932;3,68384E-05;3,0079E-05;Black
0;9,67027E-05;0,000250668;9,04097E-05;2,06444E-05;3,2362E-05;Black
0;0,00010604;0,000226655;9,20021E-05;3,98092E-05;4,36331E-05;Black
0;0,00022354;0,000267176;0,000105762;4,4375E-05;5,19626E-05;Black
0;0,000154452;0,000295892;0,000105257;6,31999E-05;5,70165E-05;Black
0;0,000154099;0,000249783;0,00010141;7,08957E-05;5,32368E-05;Black
0;0,000141164;0,000217374;8,46358E-05;9,39532E-05;4,69813E-05;Black
0;0,000163219;0,000236456;6,93965E-05;9,80529E-05;4,10257E-05;Black
0;0,000204283;0,000227897;4,85198E-05;0,000104173;3,17991E-05;Black
0;0,000203533;0,00016689;3,74207E-05;0,000105247;2,37373E-05;Black
0;0,000167876;0,000161805;3,95067E-05;0,00011477;2,10145E-05;Black
0;0,000213109;0,000213783;3,07224E-05;0,000110261;1,41947E-05;Black
0;0,00025079;0,000235716;3,37123E-05;0,000116087;1,56732E-05;Black
0;0,000227408;0,000207056;2,67515E-05;9,92326E-05;1,37024E-05;Black
0;0,000165708;0,000133841;4,39948E-05;0,000102029;1,37095E-05;Black
0;0,000159655;0,000126452;1,85944E-05;5,14808E-05;9,82813E-06;Black
0;5,43906E-05;5,13921E-05;1,76668E-05;3,90722E-05;1,17243E-05;Black
0;4,62777E-05;5,45751E-05;1,9645E-05;4,84061E-05;8,82565E-06;Black
2,04288E-05;2,25733E-05;4,43525E-05;1,89462E-05;5,92925E-05;9,94009E-06;Black
1,55094E-05;4,94896E-05;3,65297E-05;3,19828E-05;7,47099E-05;1,07162E-05;Black
0,000108673;3,2057E-05;4,98783E-05;2,99358E-05;7,72162E-05;1,06641E-05;Black
0,000110992;4,14762E-05;8,61927E-05;3,83925E-05;5,54978E-05;1,08854E-05;Black
9,01844E-05;0;8,15284E-06;6,85973E-05;5,12101E-05;1,34345E-05;Black
0,000117079;0;3,39596E-05;0,000144372;4,07313E-05;1,24748E-05;Black
8,54153E-05;0;2,0501E-05;0,000223051;1,99592E-05;1,17974E-05;Black
1,8499E-05;0;3,26916E-05;0,000230614;1,78946E-05;1,00133E-05;Black
0;1,19949E-05;2,32379E-05;0,000152011;3,18982E-05;1,23548E-05;Black
0;9,41371E-05;0,000162253;8,88401E-05;3,6855E-05;1,60846E-05;Black
0;0,00011547;0,000184493;6,35305E-05;6,05877E-05;1,91921E-05;Black
0;1,75129E-05;8,81893E-06;5,78542E-05;0,000116869;2,42986E-05;Black
0;3,78576E-05;0;6,50956E-05;0,000143242;2,7517E-05;Black
5,56222E-05;3,78477E-05;8,75467E-06;8,25075E-05;0,000128229;2,9653E-05;Black
0,000110411;7,06737E-06;4,39043E-06;9,49651E-05;9,81527E-05;3,13093E-05;Black
0;0;1,95411E-07;0,000157485;0,000117981;3,38061E-05;Black
0;0;5,90976E-07;0,000188525;0,000130682;3,91701E-05;Black
0;1,19355E-05;3,53829E-06;0,00015538;0,000126926;4,04951E-05;Black
2,77108E-05;2,05941E-05;0;0,000119799;0,000107451;3,83544E-05;Black
0;2,9687E-05;2,33275E-05;0,000112962;7,29549E-05;3,69805E-05;Black
0;5,02873E-06;1,05503E-05;0,000170815;7,80881E-05;4,97183E-05;Black
2,23129E-05;8,23682E-05;1,27417E-05;0,000180104;7,32611E-05;5,44525E-05;Black
0,000176366;2,94457E-05;8,80702E-06;0,000179913;6,94613E-05;4,87981E-05;Black
0,000222466;0;6,00017E-06;0,000199194;6,06184E-05;4,70679E-05;Black
0,00020876;8,74052E-06;4,9581E-06;0,000223846;5,69117E-05;4,4308E-05;Black
0,000165685;1,64699E-05;3,43521E-07;0,000246888;5,40355E-05;3,62322E-05;Black
0,000107505;7,34115E-06;1,13189E-05;0,000250876;3,93727E-05;3,46728E-05;Black
9,04248E-05;0;2,0172E-05;0,000176433;3,34114E-05;2,79875E-05;Black
0,000183421;0;2,44831E-06;0,000118363;6,02477E-05;3,08371E-05;Black
0,000110885;2,47747E-05;1,67386E-05;9,5204E-05;2,53951E-05;1,46629E-05;Black
2,53692E-05;0,000109386;8,56672E-05;9,30147E-05;0;5,50016E-06;Black
0;0,000146833;0,000140624;0,000113575;0;4,22172E-07;Black
8,42417E-06;0,000119669;0,00012884;0,000122895;0;2,28532E-06;Black
0;8,51663E-05;0,000100307;0,000133392;4,84598E-05;6,21133E-06;Black
0;5,73613E-05;4,26614E-05;0,000109809;3,96896E-05;0;Black
0;0,000136474;5,71872E-05;0,000105985;2,11035E-05;0;Black
0;0,000140306;9,45869E-06;0,000107478;0;0;Black
6,29054E-06;9,41543E-05;0;6,99678E-05;0;0;Black
3,9684E-05;5,73715E-05;0;3,23809E-05;0;2,77343E-06;Black
7,38424E-06;3,51479E-05;0;3,17672E-05;0;2,00485E-06;Black
0;3,73225E-05;1,31776E-05;4,62649E-05;5,02266E-06;6,36162E-06;Black
0;5,96602E-06;0;6,97352E-05;1,88644E-05;7,16035E-06;Black
0;0;6,71344E-06;0,00010282;2,65575E-05;9,06628E-06;Black
0;9,2499E-07;2,49065E-06;0,000116705;5,19472E-05;1,0774E-05;Black
0;0;3,68657E-06;0,000111536;7,07235E-05;1,08094E-05;Black
7,32448E-06;0;0;9,92042E-05;8,77727E-05;1,31919E-05;Black
2,14433E-05;1,25254E-05;2,92855E-06;0,000123469;6,2348E-05;1,69359E-05;Black
0;0;5,56867E-07;0,000138097;4,81197E-05;1,48862E-05;Black
0;1,44029E-05;3,15786E-05;0,000110698;5,08965E-05;1,3537E-05;Black
0;0;1,27754E-05;8,12168E-05;5,27242E-05;8,10584E-06;Black
0,000126897;0;0;5,25408E-05;7,51238E-05;1,47752E-05;Black
7,66701E-05;1,19674E-05;3,53271E-06;4,83624E-05;7,44629E-05;2,26822E-05;Black
0;0,000120127;4,2811E-05;1,50937E-05;3,82767E-05;0;Yellow
0;0,00014213;0;3,91233E-05;5,49682E-06;5,64343E-06;Yellow
0;7,63236E-05;0;0,000110296;1,55395E-05;1,09815E-05;Yellow
0;0,000102941;2,90916E-05;0,000117081;1,39401E-05;6,15775E-06;Yellow
0;5,77378E-05;3,21723E-05;0,000115346;2,27338E-06;0;Yellow
0;2,86753E-06;1,86631E-05;0,000139636;0;0;Yellow
0;7,05915E-05;4,63829E-05;0,000111892;0;0;Yellow
0;9,38554E-05;2,54343E-05;0,000128345;0;0;Yellow
0,000159433;2,93935E-05;0;7,32215E-05;0;0;Yellow
0,000268468;2,045E-05;0;4,20869E-05;8,41013E-06;0;Yellow
8,36192E-05;5,96047E-05;7,48412E-06;7,83802E-05;0;9,11525E-07;Yellow
3,7513E-05;4,93724E-05;0;0,000103609;0;0;Yellow
4,34535E-05;2,96183E-05;2,5242E-05;0,000128257;0;0;Yellow
0;3,15035E-06;1,67768E-05;0,00010298;1,4448E-05;0;Yellow
0;1,55207E-05;6,69377E-06;7,10735E-05;4,23956E-05;0;Yellow
0;5,26216E-05;1,83143E-05;8,24895E-05;4,31645E-05;4,5223E-06;Yellow
0;0,000103698;2,28603E-05;0,000104004;3,61388E-05;8,73482E-06;Yellow
0;7,55109E-05;4,2164E-06;0,000131558;9,41067E-06;1,1515E-05;Yellow
0;0,000132842;3,35388E-05;0,000121036;2,65317E-06;1,14139E-05;Yellow
0;0,000128777;0;0,000115883;9,50166E-06;7,68016E-06;Yellow
0;6,14548E-05;0;0,000121103;8,50787E-06;6,68395E-06;Yellow
0;6,0842E-05;3,78854E-06;0,000130153;1,47073E-05;9,5814E-06;Yellow
0;6,11313E-05;0;0,000122018;1,85879E-05;8,91991E-06;Yellow
0;0,000146675;0;0,000116406;1,49156E-05;6,23065E-06;Yellow
0;0,000155067;0;9,00536E-05;2,32834E-05;4,40822E-06;Yellow
0;0,000137523;1,79471E-05;8,68746E-05;1,59193E-05;8,95268E-06;Yellow
0;1,87267E-05;1,21209E-05;8,41456E-05;1,57895E-05;8,75568E-06;Yellow
0;1,66124E-05;0;5,78316E-05;5,09025E-06;6,61236E-06;Yellow
0;5,18939E-05;0;5,39542E-05;4,71902E-06;3,35379E-06;Yellow
0;6,3318E-05;0;5,62951E-05;1,22781E-05;3,85975E-06;Yellow
0;3,41849E-05;5,0501E-07;6,83851E-05;4,58975E-06;3,11256E-06;Yellow
0;5,22879E-05;1,76639E-05;7,06326E-05;6,86798E-07;1,87924E-06;Yellow
0;2,10319E-05;2,57408E-06;4,77384E-05;1,2607E-06;5,54745E-06;Yellow
0;7,8427E-05;6,31897E-06;5,62471E-05;1,9825E-06;7,15439E-06;Yellow
0;4,52839E-05;2,72244E-05;5,09412E-05;9,76573E-06;7,38618E-06;Yellow
0;0,000137014;1,04268E-05;5,50856E-05;1,28899E-05;9,8867E-06;Yellow
0;0,000103045;1,77595E-05;5,05865E-05;1,77589E-05;1,02986E-05;Yellow
0;5,60016E-05;1,54387E-05;4,35381E-05;1,38539E-05;5,99796E-06;Yellow
0;3,63123E-05;1,0055E-05;3,23865E-05;1,02738E-05;4,46435E-06;Yellow
1,76387E-05;6,90415E-05;8,05204E-06;1,88223E-05;2,09324E-05;1,68771E-06;Yellow
0;3,24586E-06;1,98591E-05;1,26683E-05;4,42279E-05;0;Yellow
0;3,8486E-05;2,92402E-05;1,59323E-05;3,30835E-05;1,04849E-07;Yellow
0;0;6,73695E-07;1,24255E-05;1,06474E-06;0;Yellow
0;9,10991E-06;0;7,84203E-06;3,22656E-06;3,61843E-07;Yellow
0;1,70131E-05;0;1,90622E-05;1,65536E-05;1,65608E-06;Yellow
0;8,40391E-05;0;1,88757E-05;1,66979E-05;0;Yellow
0;2,4137E-05;0;3,36189E-05;9,55543E-06;0;Yellow
0;2,73682E-06;0;3,53027E-05;7,65369E-06;0;Yellow
0;0;0;1,09435E-05;9,85417E-06;2,10629E-06;Yellow
0;0;0;3,32839E-06;9,14832E-06;4,83496E-07;Yellow
1,76058E-05;0;0;3,21424E-06;1,67898E-05;0;Yellow
0;0;0;1,9606E-05;1,75336E-05;0;Yellow
0;0;0;3,82845E-05;1,71575E-05;0;Yellow
1,51067E-05;0;0;2,05759E-05;1,97729E-05;0;Yellow
6,54741E-05;0;0;8,96E-06;8,19393E-06;0;Yellow
0,000105819;0;1,56127E-05;3,18981E-05;9,79943E-06;0;Yellow
3,1919E-05;0;6,52677E-06;2,70963E-05;4,32857E-05;0;Yellow
3,99331E-05;0;7,71138E-06;1,55386E-05;2,54163E-05;0;Yellow
0;1,41748E-05;6,0024E-06;3,2468E-05;2,25452E-05;2,29088E-06;Yellow
0;0;0;3,5069E-05;1,35966E-05;0;Yellow
9,47391E-05;0;3,47478E-06;2,67146E-05;3,01196E-05;0;Yellow
0,000123891;0;6,13544E-06;1,02234E-05;3,32549E-05;0;Yellow
3,34388E-05;1,94701E-05;1,73222E-05;1,76071E-05;2,41361E-05;1,65999E-06;Yellow
0;0;0;2,03368E-05;3,0808E-05;2,37472E-06;Yellow
7,6928E-07;1,28401E-05;0;2,16176E-05;1,75608E-05;7,52093E-08;Yellow
0;1,99772E-05;0;5,0145E-05;2,39214E-05;0;Yellow
8,08597E-05;2,83342E-06;4,35788E-07;5,06283E-05;3,36376E-05;1,11433E-06;Yellow
2,26845E-05;1,17133E-05;2,32565E-05;4,0298E-05;2,27551E-05;6,75432E-06;Yellow
0;0;0;5,37673E-05;2,75581E-05;7,83995E-06;Yellow
0;0;0;5,94449E-05;3,48509E-05;7,35512E-06;Yellow
1,97586E-05;0;0;2,72873E-05;2,85696E-05;0;Yellow
4,982E-05;0;0;2,47175E-05;2,21641E-05;0;Yellow
1,27238E-05;0;0;5,01481E-05;1,21149E-05;0;Yellow
0;0;1,25489E-05;8,20233E-05;2,03224E-05;0;Yellow
0;0;9,93617E-06;6,71952E-05;8,17463E-06;0;Yellow
0;1,50887E-05;7,24138E-06;4,38555E-05;4,76477E-06;5,05566E-07;Yellow
2,75956E-05;3,29235E-05;0;2,73096E-05;1,59101E-05;0;Yellow
0;4,39243E-05;1,79203E-05;3,97296E-05;4,96285E-06;0;Yellow
0;7,25373E-05;4,31748E-05;3,28698E-05;6,49503E-06;0;Yellow
0;5,02791E-05;5,596E-05;2,51035E-05;1,20945E-05;0;Yellow
3,47951E-05;1,79468E-05;3,24277E-05;1,44034E-05;1,67917E-05;4,16879E-06;Yellow
0,000178608;6,18219E-05;9,68522E-06;6,01661E-07;4,51534E-05;4,72012E-06;Yellow
7,54463E-05;3,25122E-05;2,02838E-05;3,87915E-06;6,76725E-05;6,38905E-07;Yellow
0;3,84826E-05;6,13869E-05;3,09738E-05;5,80674E-05;3,43646E-06;Yellow
0;9,3385E-05;3,03347E-05;3,28597E-05;6,28956E-05;1,19366E-05;Yellow
0;4,27943E-05;0;8,0716E-06;7,9549E-05;8,29674E-06;Yellow
0;4,22803E-05;0;1,81596E-05;3,93424E-05;0;Yellow
0;2,33836E-05;3,03929E-05;3,8095E-05;4,17185E-05;0;Yellow
0;0;6,05364E-06;5,74121E-05;3,94437E-05;0;Yellow
0;0;1,83928E-05;9,48598E-05;3,15161E-05;0;Yellow
0;0;5,23918E-05;2,84307E-05;4,65908E-05;4,90635E-08;Yellow
0;0;3,6086E-05;0;3,73592E-05;2,19175E-06;Yellow
0;0;6,48636E-05;8,8153E-06;1,61445E-05;3,75181E-06;Yellow
0;0;8,62687E-05;1,70336E-05;1,92076E-06;3,45842E-06;Yellow
0;0;3,04823E-05;3,89746E-05;7,84954E-06;3,07778E-06;Yellow
6,05912E-05;2,51156E-05;0;4,27583E-05;2,8294E-05;1,27114E-06;Yellow
0,000112478;0;0;8,4616E-05;3,34998E-05;7,13148E-06;Yellow
5,96749E-05;3,73249E-05;2,12323E-05;0,000103371;3,57834E-05;1,00083E-05;Yellow
2,81187E-05;5,21704E-05;1,22512E-05;0,000120231;2,17692E-05;1,63482E-05;Yellow
0;6,57647E-05;1,65935E-05;0,000125024;4,68456E-05;1,62675E-05;Yellow
0;0,000147839;1,54706E-05;0,000114089;6,56284E-06;8,81715E-06;Yellow
0;0,000176329;1,27504E-06;7,73043E-05;0;9,95251E-06;Yellow
0;0,000173874;3,99458E-05;7,81472E-05;1,36827E-05;9,74566E-06;Yellow
0;6,89007E-05;3,7692E-05;9,22884E-05;2,93551E-05;1,25184E-05;Yellow
0;4,57318E-05;2,28131E-05;5,09944E-05;6,53193E-05;1,66375E-05;Yellow
1,65595E-05;9,68098E-06;6,40668E-06;8,71468E-06;6,50761E-05;8,75934E-06;Yellow
0,000157938;0;1,65183E-05;0;5,19605E-05;5,3329E-06;Yellow
0,000156962;6,62317E-06;2,85184E-05;0;3,98906E-05;4,66925E-06;Yellow
2,1952E-06;9,76607E-05;4,37688E-05;0;2,18638E-05;4,41258E-06;Yellow
0;6,10301E-05;2,60867E-05;5,1874E-06;3,05912E-05;4,50572E-07;Yellow
2,65035E-05;7,29085E-05;0,000152294;1,55069E-05;5,9493E-05;0;Yellow
0;5,47056E-05;0,000154611;2,37924E-05;4,85942E-05;2,82119E-06;Yellow
0;0;5,04782E-05;1,46433E-05;3,19011E-05;2,96778E-06;Yellow
2,17439E-05;0,000145157;1,42804E-05;1,71201E-05;4,39966E-05;3,61332E-06;Yellow
3,03368E-05;6,26831E-05;1,15167E-05;2,59191E-05;3,13993E-05;1,07663E-06;Yellow
0;4,00521E-05;3,90675E-06;1,76248E-05;3,05238E-05;0;Yellow
0;4,56889E-05;1,99183E-05;8,65679E-06;4,13902E-05;5,23213E-07;Yellow
0;1,77591E-05;1,5946E-05;1,9924E-05;5,12755E-05;3,68191E-06;Yellow
0;0;4,38818E-05;2,51024E-05;6,13759E-05;4,5838E-06;Yellow
0;0;2,35773E-05;2,27265E-05;5,00158E-05;3,05552E-06;Yellow
0;0;8,58463E-06;3,38262E-05;3,14184E-05;0;Yellow
0,000147863;2,86872E-05;1,29337E-06;4,41113E-05;2,11143E-05;0;Yellow
0,00021012;2,7766E-06;1,12919E-05;4,13514E-05;1,5699E-05;0;Yellow
0,000138741;3,47614E-05;2,42443E-05;2,59443E-05;2,40439E-05;0;Yellow
9,9337E-05;0;0;5,12799E-05;2,64377E-05;0;Yellow
0,000115832;0;6,12001E-06;9,97659E-05;2,10237E-05;0;Yellow
7,95461E-05;0;1,34338E-05;0,000118056;1,83367E-05;7,01539E-06;Yellow
0,000111962;0;7,85981E-06;8,37288E-05;6,34585E-06;6,95962E-06;Yellow
0,000110511;0;2,06782E-05;3,78368E-05;1,19691E-05;6,6833E-06;Yellow
8,62075E-05;0;8,34915E-06;3,99408E-05;1,69127E-05;7,70708E-06;Yellow
2,39731E-05;0;2,60947E-05;4,97852E-05;7,1667E-06;2,29004E-06;Yellow
3,54116E-05;0;2,09407E-05;6,17889E-05;4,31286E-06;1,34245E-07;Yellow
9,9146E-06;0;1,92295E-05;9,9006E-05;8,6357E-06;3,9602E-06;Yellow
3,83486E-06;0;2,67096E-05;0,000106112;2,46522E-05;3,36023E-06;Yellow
0;0;1,99039E-05;0,00013284;2,86887E-05;3,13107E-06;Yellow
0;0;1,78789E-05;0,000131674;2,8139E-05;4,26187E-06;Yellow
0;0;2,50906E-05;0,000125829;1,85454E-05;5,37303E-06;Yellow
0;0;1,85007E-05;0,000143667;2,62106E-05;7,01589E-06;Yellow
2,03864E-06;0;4,84368E-05;0,000150696;3,40096E-05;5,72039E-06;Yellow
1,4358E-05;0;3,26436E-05;0,000156668;4,04406E-05;7,69732E-06;Yellow
7,69627E-06;0;3,17052E-05;0,000156011;2,81162E-05;1,09173E-05;Yellow
2,95105E-06;0;4,38608E-05;0,000144806;3,29294E-05;1,19615E-05;Yellow
0;0;5,39437E-05;0,00011579;3,92166E-05;1,59786E-05;Yellow
0;0;5,02212E-05;0,00011988;5,19444E-05;1,78684E-05;Yellow
0;0;8,0188E-05;0,00011792;3,77121E-05;1,55764E-05;Yellow
0;0;5,50545E-05;9,61558E-05;5,02533E-05;1,67233E-05;Yellow
0;0;7,86693E-05;9,81106E-05;6,14422E-05;1,93142E-05;Yellow
0;0;6,74776E-05;8,38352E-05;5,87097E-05;1,7338E-05;Yellow
0;0;7,67572E-05;8,23121E-05;5,71346E-05;1,79511E-05;Yellow
0;0;8,6543E-05;8,27062E-05;5,54885E-05;1,60726E-05;Yellow
0;0;3,50619E-05;6,36934E-05;5,31777E-05;1,25616E-05;Yellow
3,71073E-05;0;5,37643E-05;3,92684E-05;5,60471E-05;8,12242E-06;Yellow
3,58181E-05;6,01806E-05;2,57886E-05;2,35929E-05;4,04022E-05;1,82877E-06;Yellow
5,29785E-05;4,95496E-05;3,55493E-06;3,33582E-05;2,33144E-05;0;Yellow
0;3,36441E-05;1,4996E-05;8,24792E-05;8,52758E-06;0;Yellow
0;0;1,45502E-05;0,000137965;0;0;Yellow
0;0;3,5881E-05;0,000124413;1,36558E-05;4,49008E-07;Yellow
0;0;5,8588E-05;9,91811E-05;1,73247E-05;0;Yellow
0;0;3,93569E-05;4,61609E-05;3,36709E-05;0;Yellow
7,72716E-06;0;5,29616E-05;5,7381E-06;3,79688E-05;0;Yellow
9,98036E-06;0;4,7322E-05;0;4,66463E-05;7,74504E-07;Yellow
0;2,22171E-06;1,68605E-05;3,1217E-05;3,65916E-05;0;Yellow
6,25409E-06;0;1,05262E-05;3,28737E-05;2,78233E-05;0;Yellow
0,000224704;0;3,60822E-05;1,7643E-06;1,97117E-05;0;Yellow
0,000683919;0;8,56747E-05;0;1,00582E-05;0;Yellow
0,000506334;1,71974E-05;7,47046E-05;0;1,64156E-05;0;Yellow
0,000100522;1,41351E-06;4,1424E-05;9,42425E-06;2,08206E-05;0;Yellow
5,97295E-06;0;4,75259E-05;2,34976E-05;2,21408E-05;1,87927E-07;Yellow
2,72498E-05;0;2,02491E-05;4,03743E-05;1,42896E-05;5,48948E-07;Yellow
0;0;0;4,56664E-05;2,12727E-05;8,815E-07;Yellow
0;0;1,23183E-05;3,53162E-05;2,85865E-05;0;Yellow
0;0;4,96992E-06;1,74318E-05;3,81545E-05;0;Yellow
8,89606E-05;2,27613E-05;6,37314E-05;1,22663E-05;2,40982E-05;0;Yellow
5,12283E-05;7,47324E-05;3,81942E-05;9,05308E-06;2,22689E-05;0;Yellow
1,78536E-06;1,19429E-05;3,44627E-05;1,88616E-05;1,91452E-05;0;Yellow
0;0;2,15052E-05;4,05499E-05;1,56829E-05;2,46268E-06;Yellow
2,15362E-05;0;3,1097E-05;4,69453E-05;4,23293E-05;3,67988E-06;Yellow
0;1,86703E-05;3,18471E-06;4,76977E-05;2,92746E-05;7,68272E-06;Yellow
1,53931E-05;0;0;4,33713E-05;4,43974E-05;8,64217E-06;Yellow
0,000122267;0;9,82882E-06;3,94534E-05;4,06202E-05;2,44394E-06;Yellow
0,000173321;1,40872E-05;6,18059E-05;3,09496E-05;1,71738E-05;0;Yellow
0,00020335;9,52333E-06;0,000109298;3,57814E-05;2,0429E-05;0;Yellow
6,71309E-05;0;7,6653E-05;2,70866E-05;2,50876E-05;3,98458E-06;Yellow
1,46732E-05;0;3,86485E-05;4,46615E-05;2,77391E-05;4,97387E-06;Yellow
0;0;1,2963E-05;4,67474E-05;3,12705E-05;3,75407E-06;Yellow
0;5,32304E-05;1,93366E-05;6,11258E-05;2,09611E-05;1,35693E-06;Yellow
0;7,70966E-05;3,18478E-06;3,88229E-05;1,85528E-05;0;Yellow
4,4192E-05;1,2037E-05;2,57668E-05;2,37176E-05;2,19657E-05;0;Yellow
8,09497E-05;1,41562E-05;3,27821E-05;8,71201E-06;3,03828E-05;0;Yellow
0,000135086;1,49724E-05;5,20042E-06;1,51954E-05;2,84897E-05;0;Yellow
0,00013999;0;7,89079E-06;3,23866E-05;2,59748E-05;4,55E-06;Yellow
3,29668E-05;4,68132E-05;1,8982E-05;6,07311E-05;2,022E-05;1,91204E-06;Yellow
2,42836E-05;0,000121278;1,75174E-05;6,15517E-05;1,58975E-05;1,41593E-06;Yellow
4,71345E-06;0,000191581;1,27404E-05;4,90318E-05;0;1,68385E-08;Yellow
0;0,000228158;1,53467E-05;5,40404E-05;2,35609E-05;1,36359E-06;Yellow
0;0,000144892;3,1143E-05;2,7073E-05;4,96202E-05;2,09036E-06;Yellow
0;8,91656E-05;3,73807E-05;1,69289E-05;5,37925E-05;3,25919E-06;Yellow
0;0,000132997;0,000115697;0;6,98368E-05;2,94874E-06;Yellow
1,42911E-05;7,88369E-05;9,10323E-05;0;8,3353E-05;4,35976E-06;Yellow
0;3,50213E-05;7,4105E-05;4,17253E-06;7,45381E-05;5,83226E-06;Yellow
1,41945E-05;0;1,94714E-05;1,21434E-05;6,05978E-05;7,09794E-07;Yellow
2,17428E-05;0;4,34091E-05;2,79627E-05;4,64298E-05;0;Yellow
0;0;1,66592E-05;2,84483E-05;4,66762E-05;0;Yellow
0;0;2,17336E-05;3,75096E-05;4,29061E-05;0;Yellow
0;0;0;1,34569E-05;3,87719E-05;0;Yellow
0;2,57339E-05;0;4,72914E-06;3,16092E-05;0;Yellow
6,81695E-07;8,36453E-06;2,03953E-06;1,37871E-05;2,2347E-05;2,8918E-06;Yellow
4,38228E-05;0;0;2,34624E-05;9,48188E-06;2,67291E-06;Yellow
6,20703E-05;0;1,40183E-06;3,11807E-05;1,72598E-05;3,87272E-06;Yellow
4,03541E-05;0;3,97069E-05;5,78026E-05;1,54788E-05;9,27528E-07;Yellow
0;0;1,69915E-05;8,94383E-05;1,47395E-05;2,87962E-06;Yellow
0;0;8,43394E-06;8,60719E-05;1,32217E-05;6,14795E-06;Yellow
0;0;5,59325E-06;6,69153E-05;2,61287E-05;4,86455E-06;Yellow
0;0;2,742E-06;5,87122E-05;3,44694E-05;8,32099E-06;Yellow
2,18053E-05;0;1,99407E-05;5,46202E-05;3,2804E-05;7,98773E-06;Yellow
3,61702E-06;3,43496E-05;1,06368E-05;3,85865E-05;3,17819E-05;3,74829E-06;Yellow
4,48259E-05;3,62507E-05;2,8789E-05;1,44343E-05;5,02575E-05;2,35413E-06;Yellow
0,000230663;0;0;3,70108E-06;5,17489E-05;2,75088E-06;Yellow
7,99437E-05;0;0;1,24789E-05;4,13786E-05;3,27241E-06;Yellow
7,00737E-07;3,02455E-05;2,42917E-07;3,36576E-05;6,64428E-05;3,25179E-06;Yellow
4,83478E-05;1,50624E-05;0;4,22225E-05;7,01766E-05;3,49279E-06;Yellow
0,000132365;1,21667E-05;1,22213E-05;2,49639E-05;5,69039E-05;4,72654E-06;Yellow
0,000234454;2,26012E-05;1,97314E-05;0;5,69173E-05;7,64613E-06;Yellow
3,28434E-05;0;2,15539E-05;0;5,2577E-05;1,40656E-06;Yellow
0;7,59942E-05;5,14128E-05;6,28175E-06;3,55793E-05;1,60821E-06;Yellow
0;0,00012707;0,000127283;1,22246E-05;1,17115E-05;6,20831E-06;Yellow
0;0,000114976;7,17891E-05;1,85107E-05;1,11144E-05;6,3508E-06;Yellow
0;0,000105467;1,15019E-05;4,07845E-05;2,32193E-05;9,19953E-06;Yellow
0;8,79271E-05;1,17959E-05;6,67553E-05;1,5002E-05;1,32033E-05;Yellow
0;3,1431E-05;7,06948E-06;5,16203E-05;1,79951E-05;1,58482E-05;Yellow
0;3,65471E-05;0;4,93394E-05;1,16133E-05;1,1982E-05;Yellow
0;5,13777E-05;6,19105E-06;8,10081E-05;2,396E-05;1,35452E-05;Yellow
0;1,20345E-05;3,76177E-06;0,000138833;4,62802E-05;2,30761E-05;Yellow
0;0;4,99944E-05;0,00012981;3,48097E-05;1,32615E-05;Yellow
0;0;3,53493E-05;7,35273E-05;3,16268E-05;1,23525E-05;Yellow
2,58594E-05;0;4,35786E-05;3,88099E-05;3,53554E-05;1,43648E-05;Yellow
1,51662E-05;0;3,57041E-05;5,84369E-05;4,06546E-05;1,78361E-05;Yellow
0;0;1,71722E-05;6,31121E-05;3,57457E-05;1,90367E-05;Yellow
1,64623E-05;0;2,3132E-06;5,41001E-05;4,94059E-05;1,11153E-05;Yellow
9,44108E-05;0;0;2,3973E-05;5,41894E-05;8,57967E-06;Yellow
3,38737E-05;3,23562E-05;4,28558E-06;1,65255E-05;4,15588E-05;1,13396E-05;Yellow
3,92616E-07;0;1,44341E-06;4,22368E-05;2,62662E-05;1,09563E-05;Yellow
5,4385E-05;1,79848E-05;7,16241E-06;4,16213E-05;3,37085E-05;7,47507E-07;Yellow
0,000106596;7,53939E-05;0;1,86923E-05;3,67394E-05;0;Yellow
6,14112E-05;0,000126321;0;2,82818E-05;2,11512E-05;0;Yellow
0;3,06247E-05;4,77166E-06;4,18713E-05;2,1504E-05;8,29102E-06;Yellow
0;4,33357E-05;5,84221E-05;5,38947E-05;3,03017E-05;1,28061E-05;Yellow
0;3,65906E-05;6,73754E-05;5,40787E-05;3,00897E-05;1,70539E-05;Yellow
0;3,35894E-05;1,82443E-05;4,04488E-05;3,69579E-05;1,8919E-05;Yellow
0;1,93708E-05;2,72995E-05;7,51242E-05;2,875E-05;1,64813E-05;Yellow
0;3,12145E-05;9,09371E-06;0,000102701;2,18248E-05;1,8185E-05;Yellow
0;7,58779E-05;0;6,92801E-05;2,92293E-05;1,15829E-05;Yellow
0;9,49641E-05;0;4,05237E-05;3,34485E-05;1,14344E-05;Yellow
0;7,68466E-05;1,10994E-06;5,52371E-05;3,3058E-05;1,58587E-05;Yellow
0;0,000149173;3,18868E-05;7,86369E-05;3,06974E-05;2,25871E-05;Yellow
0;4,98108E-05;1,32292E-05;6,3854E-05;1,61937E-05;1,64297E-05;Yellow
0;0;3,22354E-05;5,16179E-05;4,62239E-06;1,00332E-05;Yellow
0;0;4,18859E-05;5,30893E-05;0;0;Yellow
0;0;1,35551E-05;7,24125E-05;8,67031E-06;1,78914E-06;Yellow
0;0;3,62949E-06;4,66837E-05;1,5797E-05;2,0072E-06;Yellow
0;0;1,78547E-05;3,52653E-05;2,69624E-06;1,4838E-06;Yellow
0;3,28081E-05;7,96737E-06;3,6369E-05;0;6,36559E-06;Yellow
0;0,000142506;4,6999E-05;3,63212E-05;0;1,00625E-05;Yellow
0;0,000180504;7,39992E-05;3,01546E-05;0;9,83868E-06;Yellow
0;0,000255948;9,65892E-05;5,02656E-05;2,03757E-05;1,14617E-05;Yellow
0;0,000167476;4,26871E-05;6,95555E-05;2,63019E-05;1,61157E-05;Yellow
